Cultivate,Commander Masters,Near Mint,False,190,15
Cultivate,Commander 2019,Near Mint,False,140,2
Cultivate (Japanese),Strixhaven Mystical Archive,Near Mint,True,270,1
Cultivate,Masters 25,Near Mint,False,120,20
Cultivate (NCC),The List,Near Mint,False,160,4
Cultivate,"Universes Beyond: Warhammer 40,000",Near Mint,False,200,1
Cultivate,Core Set 2021,Near Mint,False,110,1
Cultivate (Alternate Art),Core Set 2021,Near Mint,False,620,8
Cultivate,Streets of New Capenna Commander,Near Mint,False,410,2
Cultivate (Etched Foil),Strixhaven Mystical Archive,Near Mint,True,260,3
Cultivate (Japanese Etched Foil),Strixhaven Mystical Archive,Near Mint,True,730,1
Nantuko Cultivator,Torment,Near Mint,False,80,8
Cultivator Colossus (Borderless),Innistrad Remastered,Near Mint,False,960,3
Nantuko Cultivator,Jumpstart 2022,Near Mint,False,40,8
Cultivator of Blades,Kaladesh,Near Mint,False,70,7
Rustvine Cultivator,Phyrexia: All Will Be One,Near Mint,False,30,20
Rustvine Cultivator,Phyrexia: All Will Be One,Near Mint,False,30,20
Nantuko Cultivator,Modern Horizons,Near Mint,False,40,20
Oashra Cultivator,Amonkhet,Near Mint,False,30,20
Careful Cultivation,Kamigawa: Neon Dynasty,Near Mint,False,30,19
Nantuko Cultivator,Outlaws of Thunder Junction Commander,Near Mint,False,40,7
Quandrix Cultivator,Strixhaven: School of Mages,Near Mint,False,40,20
Cultivator Colossus,Innistrad: Crimson Vow,Near Mint,False,720,1
Cultivator Colossus,Innistrad: Double Feature,Near Mint,False,2390,1
Cultivator Drone,Oath of the Gatewatch,Near Mint,False,30,15
Deathcap Cultivator,Shadows over Innistrad,Near Mint,False,60,4
Rustvine Cultivator (Showcase Ichor),Phyrexia: All Will Be One,Near Mint,False,30,20
Deathcap Cultivator,Duskmourn: House of Horror Commander,Near Mint,False,50,7
"Kestia, the Cultivator",Commander 2018,Near Mint,True,200,1
Flare of Cultivation (Retro),Modern Horizons 3,Near Mint,False,270,6
Flare of Cultivation,Modern Horizons 3,Near Mint,False,190,4
Flare of Cultivation (Borderless),Modern Horizons 3,Near Mint,False,670,8
"Ojer Kaslem, Deepest Growth // Temple of Cultivation",The Lost Caverns of Ixalan,Near Mint,False,850,7
Evolution Sage,War of the Spark,Near Mint,False,410,14
"Ojer Kaslem, Deepest Growth (Showcase)",The Lost Caverns of Ixalan,Near Mint,False,710,7
Porcelain Legionnaire,New Phyrexia,Near Mint,False,40,19
Kefnet's Monument,Amonkhet,Near Mint,False,80,8
Midvast Protector,Avacyn Restored,Near Mint,False,30,20
Nessian Hornbeetle,Foundations,Near Mint,False,40,20
Vagrant Plowbeasts,Conflux,Near Mint,False,40,19
Mounted Dreadknight,Innistrad: Double Feature,Near Mint,False,40,16
Mounted Dreadknight,Innistrad: Midnight Hunt,Near Mint,False,30,20
For the Family,Streets of New Capenna,Near Mint,False,30,20
Nessian Hornbeetle,Theros Beyond Death,Near Mint,False,40,20
Nessian Hornbeetle,Jumpstart 2022,Near Mint,False,40,6
Sunseed Nurturer,Shards of Alara,Near Mint,False,40,20
